ID;Type;SKU;Name;Published;Is featured?;Visibility in catalog;Short description;Description;Date sale price starts;Date sale price ends;Tax status;Tax class;In stock?;Stock;Backorders allowed?;Sold individually?;Weight (lbs);Length (in);Width (in);Height (in);Allow customer reviews?;Purchase note;Sale price;Regular price;Categories;Tags;Shipping class;Images;Download limit;Download expiry days;Parent;Grouped products;Upsells;Cross-sells;External URL;Button text;Position;Attribute 1 name;Attribute 1 value(s);Attribute 1 visible;Attribute 1 global;Attribute 2 name;Attribute 2 value(s);Attribute 2 visible;Attribute 2 global;Meta: _wpcom_is_markdown;Download 1 name;Download 1 URL;Download 2 name;Download 2 URL
;simple;;Gel Nettoyant 200ml;1;1;visible;;"Avec l’aloe Vera et l’huile d’argan, ce gel nettoyant visage nettoie en douceur et désobstrue les pores en profondeur. La peau est nette, fraiche et purifiée.

Appliquez sur une peau mouillée et faire mousser pour un nettoyage optimal, rincez abondamment.

";;;taxable;;1;;0;0;;;;;1;;16,9;11,83;SANTE ET BEAUTE;;;;;;;;;;;;0;Color;Blue, Green, Red;1;1;Size;Large, Medium, Small;1;1;1;;;;
;simple;;Après Rasage;1;1;visible;;"Apaisant + Hydratant 24H + Défatigant

Ce soin Après-rasage hypoallergénique avec une formule hautement concentrée et riche en Aloe Vera et en huile d’argan, pénètre facilement, laissant la peau tonifiée, hydratée et extrêmement douce et apaisée. Faites de l’instant rasage un moment de plaisir grâce à cet après-rasage sans alcool ! Appliquez après le rasage.

";;;taxable;;1;;0;0;;;;;1;;13,8;9,66;SANTE ET BEAUTE;;;;;;;;;;;;0;Color;Blue, Green, Red;1;1;Logo;Yes, No;1;0;1;;;;
;simple;;Ecran SPF 50+;1;1;visible;;"Jamais un écran n’a été aussi Riche

Cet Ecran d’Arvea Nature a un indice de protection solaire +50.

La crème est concentrée et n’est pas huileuse, elle est Waterproof, elle pénètre très rapidement, et surtout ne laisse pas la peau grasse.

Ne laisse pas de résidus ou de sensation collante sur la peau.";;;taxable;;1;;0;0;;;;;1;;32,8;22,96;SANTE ET BEAUTE;;;;;;;;;;;;0;Color;Blue;1;1;;;;;1;;;;
;simple;;Six Cream Teint Clair;1;1;visible;;"Le Six Cream est une Innovation d’Arvea Nature.

En effet la Six cream est une crème riche qui permet six actions jamais réunis dans la même crème.

La Six Cream est :

Hydratante
Anti âge
Ecran SPF 50+
Teinté
Anti Tâches
Eclaircissante
Apporte un toucher doux et velouté à la peau.";;;taxable;;1;;0;0;;;;;1;;34,8;24,36;SANTE ET BEAUTE;;;;;;;;;;;;0;Color;Gray;1;1;;;;;1;;;;
;simple;;Six Cream Teint Beige Abricot;1;1;visible;;"Le Six Cream est une Innovation d’Arvea Nature.

En effet la Six cream est une crème riche qui permet six actions jamais réunis dans la même crème.

La Six Cream est :

Hydratante
Anti âge
Ecran SPF 50+
Teinté
Anti Tâches
Eclaircissante
Apporte un toucher doux et velouté à la peau.";;;taxable;;1;;0;0;;;;;1;;34,8;24,36;SANTE ET BEAUTE;;;;;;;;;;;;0;Color;Red;1;1;;;;;1;;;;
;simple;;Crème De Nuit;1;1;visible;;"La nouvelle crème de nuit d’arvea nature associe les vertus hydratantes d’aloe vera, huile d’argan et beurre de karité avec une des huiles les plus chères du monde : huile de pepins de figue de barbarie 100% bio

La forte concentration en vitamine E de l’huile de figue de barbarie est plus importante que n’importe quelle autre huile sur le marché (supérieure à 100 mg/100 g) ce qui en fait un puissant antioxydant.

L’huile de figue de Barbarie remplie parfaitement son rôle d'anti-age et d’anti-rides. Sur la peau, elle possède 1001 propriétés, comme entre autres d’affiner et de resserrer le grain de peau, d’estomper les petites tâches parfois disgracieuses, de réguler le sébum mais aussi de limiter la déshydratation.

L'huile de figue de barbarie offre une extraordinaire cure de jouvence à votre peau. Elle fait barrage au vieillissement cutané et booste le renouvellement cellulaire. Résultat, elle diminue les rides, s'attaque aux cernes disgracieuses et offre une protection contre les agressions quotidiennes de la peau.

Au toucher, l'huile de figue de barbarie est moins grasse que d'autres huiles et elle pénètre rapidement dans l'épiderme. Surtout, elle convient à tous types de peaux, grasse, sèche ou mixte, et même se rendre utile à tout âge, ce qui en fait un produit familial.

Utlisation : Appliquer sur le visage et le cou le soir

";;;taxable;;1;;0;0;;;;;1;;44,8;31,36;SANTE ET BEAUTE;;;;;;;;;;;;0;;;;;;;;;1;;;;
;simple;;Baume À Lèvres;1;1;visible;;Le baume à lèvres ARVEA contient 4 actifs naturels essentiels à l’hydratation des lèvres : Aloe Vera, Huile d’argan, Huile de jojoba et Beurre de karité. Ce soin riche en vitamines aide à retrouver l’équilibre des parties labiales grâce aux apports d’éléments nutritifs. Il permet également de nourrir, hydrater, assouplir et réparer les lèvres desséchées et gercées grâce aux agents hydratants et apaisants qu’il renferme. Conseil d’utilisation : Appliquez quotidiennement ce stick pour traiter les lèvres abîmées ou déshydratées. Après son application, Ce Baume à lèvres ARVEA est le remède qu’il faut pour assurer le bien-être de vos lèvres. Les lèvres sont réparées, hydratées, nourries et repulpées.;;;taxable;;1;;0;0;;;;;1;;12,9;9,03;SANTE ET BEAUTE;;;;;;;;;;;;0;Color;Yellow;1;1;;;;;1;;;;
;simple;;Masque Exfoliant;1;1;visible;;Vous souhaitez exfolier délicatement votre visage ? Le masque Gommage Gourmand Abricot ARVEA répond aujourd’hui à votre besoin. Grâce à la poudre de noyaux d’abricot, ce masque exfoliant fruité permet une élimination efficace des cellules mortes de la peau du visage et gomme énergiquement les impuretés cutanées comme l’excès de sébum pour qu’elle retrouve douceur, transparence, fraîcheur, tonus et éclat. Particulièrement adapté aux peaux mixtes et grasses, ce gommage unifie le teint et stimule le renouvellement cellulaire. Ingrédients actifs : La poudre de noyaux d'abricot : Aloe vera, Huile d’argan bio Extrait naturel de concombre, Huile naturelle de nigelle . Appliquez sur le visage mouillé avec un léger massage circulaire pour un nettoyage profond puis rincez avec l'eau.;;;taxable;;1;;0;0;;;;;1;;29,9;20,93;SANTE ET BEAUTE;;;;;;;;;;;;0;;;;;;;;;1;;;;
;simple;;Crème De Jour;1;1;visible;;"creme protectrice Crème de jour hydratante à l’Aloe Vera et Huile d’Argan pour apporter hydratation intense à la peau et lui rendre son élasticité. L’indice solaire SPF15 permet de protéger la peau contre les agressions des rayons UV. Mode d’emploi: Appliquez une noisette de crème chaque matin sur le visage et le cou bien nettoyés.

";;;taxable;;1;;0;0;;;;;1;;29,8;20,86;SANTE ET BEAUTE;;;;;;;;;;;;0;Color;Gray;1;1;;;;;1;;;;
;simple;;BB Cream;1;1;visible;;Ce coffret contient 6 Savons ARVEA avec des parfums qui vont plonger votre maison dans le monde des parfums orientaux (Sans colorants) Les 6 savons sont dans un coffret prestigieux en bois. Le coffret Oriental est une très bonne idée Cadeaux Les 6 parfums sont : Savon Bkhour, Savon Misk, Savon Nigel, Savon Datte, Savon Ambre, Savon Oud des parfums qui nous font voyager dans l’univers Oriental.;;;taxable;;1;;0;0;;;;;1;;48,9;34,23;SANTE ET BEAUTE;;;;;;;;;;;;0;;;;;;;;;1;;;;
;simple;;FOND DE TEINT FT1;1;1;visible;;BB Cream ARVEA au Provitamine B5 et Aloe Vera pour un effet bonne mine instantané, hydratation profonde et une peau plus pure jour après jour. Sans filtres chimiques. Haute protection solaire de la peau. Très large protection UVB-UVA. Très résistante à l’eau (waterproof). Estompe les petites imperfections, les rougeurs, les ridules et les signes de fatigue. Un teint illuminant et naturel.;;;taxable;;1;;0;0;;;;;1;;53,9;37,73;SANTE ET BEAUTE;;;;;;;;;;;;0;Color;Green;1;1;;;;;1;;;;
;simple;;FOND DE TEINT FT2;1;1;visible;;Un fond de teint parfait pour votre quotidien doté d’une protection solaire SPF 20 assurée par des filtres 100% minéraux. Une formule sans filtres chimiques.;;;taxable;;1;;0;0;;;;;1;;53,9;37,73;SANTE ET BEAUTE;;;;;;;;;;;;0;Color;Blue;1;1;;;;;1;;;;
;simple;;FOND DE TEINT FT3;1;1;visible;;Un fond de teint parfait pour votre quotidien doté d’une protection solaire SPF 20 assurée par des filtres 100% minéraux. Une formule sans filtres chimiques.;;;taxable;;1;;0;0;;;;;1;;53,9;37,73;SANTE ET BEAUTE;;;;;;;;;;;;0;;;;;;;;;1;Single 1;https://demo.woothemes.com/woocommerce/wp-content/uploads/sites/56/2017/08/single.jpg;Single 2;https://demo.woothemes.com/woocommerce/wp-content/uploads/sites/56/2017/08/album.jpg
;simple;;Crème Anti-Taches;1;1;visible;;C'est un soin anti-taches qui cible et estompe les taches de la peau et lui redonne son éclat naturel. Il combine des actifs naturels de très haute pureté créant une synergie inégalée pour un effet anti-tâches irréprochable.;;;taxable;;1;;0;0;;;;;1;;49,8;34,86;SANTE ET BEAUTE;;;;;;;;;;;;0;;;;;;;;;1;Single;https://demo.woothemes.com/woocommerce/wp-content/uploads/sites/56/2017/08/single.jpg;;
;simple;;Savon Hygiène À L’Argan;1;1;visible;;"Savon doux Enrichie à l’huile d’argan

Nettoie & adoucit

Le Savon hygiène à l’Argan procure une douceur très naturelle après utilisation vue sa composition en Huile d’argan 100% bio, émulsifiant, dégraissant, nettoyant et moussant de très bonne qualité pour la peau.";;;taxable;;1;;0;0;;;;;1;;7,9;5,53;SANTE ET BEAUTE;;;;;;;;;;;;0;Color;Red;;1;Size;;;1;;;;;
;simple;;Savon Exfoliant À L’aloe Vera;1;1;visible;;"Le Savon Exfoliant à l’aloe vera est fabriqué à partir d’une base végétale extra-douce.

Riche en aloe vera, aux propriétés adoucissante et protectrice, ce savon est adapté à un usage quotidien, idéal pour le visage et le corps.";;;taxable;;1;;0;0;;;;;1;;7,9;5,53;SANTE ET BEAUTE;;;;;;;;;;;;0;Color;Green;;1;Size;;;1;;;;;
;simple;;Gel Douche Berry;1;1;visible;;"Nettoie, Hydrate et parfume

Enrichie à l'huile d'argan et à l'aloe vera, ce gel douche Adoucit et sublime la peau avec un parfum berrey rafraichissant.

";;;taxable;;1;;0;0;;;;;1;;13,9;9,73;SANTE ET BEAUTE;;;;;;;;;;;;0;Color;Blue;;1;Size;;;1;;;;;
;simple;;Gel Douche Citron;1;1;visible;;"Nettoie, Hydrate et parfume

Enrichie à l'huile d'argan et à l'aloe vera, ce gel douche Adoucit et sublime la peau avec un parfum citron rafraichissant.";;;taxable;;1;;0;0;;;;;1;;13,9;9,73;SANTE ET BEAUTE;;;;;;;;;;;;1;Color;Red;;1;Logo;No;;0;;;;;
;simple;;Roll On Déodorant Vanille;1;1;visible;;"Action antiperspirantes sans opposition au processus naturel de la sécrétion de la sueur.

Ne tache pas, ne colle pas et sèche rapidement. Efficacité garantit pour 48 H. Neutralise les odeurs. Enrichie à L’Aloe Vera qui est cicatrisante, régénérante, hydratante et anti-inflammatoire.

Sans parabène, Sans allergènes, Sans alcool, Sans sel d’aluminium

Le roll-on Arvea s’applique directement sur les aisselles grâce à sa bille. il vous apporte la douceur de l'aloe vera, pour une efficacité discrète et naturelle.

L'effe t fraîcheur immédiat du Roll-On avec un parfum ocean pour une efficacité déodorante haute fidélité.

S'applique sur peau propre et sèche et convient à tous les types de peau, même les plus sensibles. Non gras, non collant.";;;taxable;;1;;0;0;;;;;1;;14,9;10,43;SANTE ET BEAUTE;;;;;;;;;;;;2;Color;Green;;1;Logo;No;;0;;;;;
;simple;;Roll On Déodorant Ocean;1;1;visible;;"Action antiperspirantes sans opposition au processus naturel de la sécrétion de la sueur.

Ne tache pas, ne colle pas et sèche rapidement. Efficacité garantit pour 48 H. Neutralise les odeurs.

Enrichie à L’Aloe Vera qui est cicatrisante, régénérante, hydratante et anti-inflammatoire.

Sans parabène, Sans allergènes, Sans alcool, Sans sel d’aluminium Le roll-on Arvea s’applique directement sur les aisselles grâce à sa bille. il vous apporte la douceur de l'aloe vera, pour une efficacité discrète et naturelle.

L'effe t fraîcheur immédiat du Roll-On avec un parfum ocean pour une efficacité déodorante haute fidélité.

S'applique sur peau propre et sèche et convient à tous les types de peau, même les plus sensibles. Non gras, non collant.";;;taxable;;1;;0;0;;;;;1;;14,9;10,43;SANTE ET BEAUTE;;;;;;;;;;;;3;Color;Blue;;1;Logo;No;;0;;;;;
;simple;;Spray Déodorant Pieds;1;1;visible;;"Corps et visage Hydratante et Nourrissante

Aloe vera + Huile d'argan + Beurre de karité Un concentré d'hydratation 24h à la fois douce et riche elle pénètre immédiatement sans effet gras.

Elle peut être utilisé pour votre visage, votre corps ainsi comme crème mains et pieds.

La crème Miracle est conçu pour être votre crème de tous les jours.";;;taxable;;1;;0;0;;;;;1;;22,8;15,96;SANTE ET BEAUTE;;;;;;;;;;;;0;Color;Gray;1;1;;;;;1;;;;
;simple;;Crème Miracle;1;1;visible;;"Corps et visage Hydratante et Nourrissante

Aloe vera + Huile d'argan + Beurre de karité Un concentré d'hydratation 24h à la fois douce et riche elle pénètre immédiatement sans effet gras.

Elle peut être utilisé pour votre visage, votre corps ainsi comme crème mains et pieds.

La crème Miracle est conçu pour être votre crème de tous les jours.";;;taxable;;1;;0;0;;;;;1;;25,9;18,13;SANTE ET BEAUTE;;;;;;;;;;;;0;Color;Red;1;1;;;;;1;;;;
;simple;;Crème PUSH UP;1;1;visible;;"En 55 jours jusqu'à 8% de volume de plus Plus de Volume et plus de fermeté de la peau. Crème PUSH UP amplifie les volumes cutanés par un effet cosmétique de lipofilling.

La Sarsasapogenine, extraite des racines d'une plante asiatique, l' Anemarrhena asphodeloides.

En plus cette crème est enrichie à l'huile de pépin de figue de barbarie.

Application : Soin du corps pour la poitrine et le décolleté, les fesses, les mains ou les joues. à utiliser chaque jour après la douche une à deux applications par jour.";;;taxable;;1;;0;0;;;;;1;;42;29,4;SANTE ET BEAUTE;;;;;;;woo-hoodie-with-logo, woo-tshirt, woo-beanie;;;;;0;;;;;;;;;1;;;;
;simple;;Gel Douche Vanille;1;1;visible;;"Format Familal 400 ml

Nettoi, Hydrate et parfume Adoucit et sublime la peau avec sa texture onctueuse et veloutée pour laver, hydrater et parfumer la peau.";;;taxable;;1;;0;0;;;;;1;;13,9;9,73;SANTE ET BEAUTE;;;;;;;;;;https://mercantile.wordpress.org/product/wordpress-pennant/;Buy on the WordPress swag store!;0;;;;;;;;;1;;;;
;simple;;Gel Douche Ocean;1;1;visible;;"Format Familal 400 ml

Nettoi, Hydrate et parfume Adoucit et sublime la peau avec sa texture onctueuse et veloutée pour laver, hydrater et parfumer la peau.

";;;taxable;;1;;0;0;;;;;1;;13,9;9,73;SANTE ET BEAUTE;;;;;;woo-hoodie;;;;;;0;Color;Blue;;1;Logo;Yes;;0;;;;;
;simple;;CREME MAINS Super Hydratante;1;1;visible;;"ALOE VERA + Huile d’Argan + Beurre de karité

Enrichie en beurre de karité, en huile d’argan et en aloe vera, cette crème onctueuse pénètre facilement pour réconforter vos pieds desséchés.

Cette crème soulage et délasse les pieds, même les plus secs et abîmés.

Conseil d’utilisation :

A appliquer sur des pieds propres et secs, en massage prolongé, sur les chevilles, et entre les orteils.

Elle peut être utilisée en massage au quotidien ou en usage ponctuel.

En cas de peau très sèche, on peut enrichir cette crème en la mélangeant dans le creux de la main avec une goutte d’huile d’argan.";;;taxable;;1;;0;0;;;;;1;;12,8;8,96;SANTE ET BEAUTE;;;;;;;;;;;;;;;;;;;;;;;;;
;simple;;CRÈME PIEDS SUPER HYDRATANTE;1;1;visible;;"ALOE VERA + Huile d’Argan + Beurre de karité

Enrichie en beurre de karité, en huile d’argan et en aloe vera, cette crème onctueuse pénètre facilement pour réconforter vos pieds desséchés.

Cette crème soulage et délasse les pieds, même les plus secs et abîmés.

Conseil d’utilisation :

A appliquer sur des pieds propres et secs, en massage prolongé, sur les chevilles, et entre les orteils.

Elle peut être utilisée en massage au quotidien ou en usage ponctuel.

En cas de peau très sèche, on peut enrichir cette crème en la mélangeant dans le creux de la main avec une goutte d’huile d’argan.

";;;;;;;;;;;;;;;12,8;8,96;SANTE ET BEAUTE;;;;;;;;;;;;;;;;;;;;;;;;;
;simple;;CREME MAINS Cerise;1;1;visible;;"ALOE VERA + Huile d’Argan + Beurre de karité

Enrichie en beurre de karité, en huile d’argan et en aloe vera, cette crème onctueuse pénètre facilement pour réconforter vos pieds desséchés.

Cette crème soulage et délasse les pieds, même les plus secs et abîmés tout en laissant un parfum cerise agréable. Conseil d’utilisation :

A appliquer sur des pieds propres et secs, en massage prolongé, sur les chevilles, et entre les orteils.

Elle peut être utilisée en massage au quotidien ou en usage ponctuel.

En cas de peau très sèche, on peut enrichir cette crème en la mélangeant dans le creux de la main avec une goutte d’huile d’argan.";;;taxable;;1;;0;0;;;;;1;;12,8;8,96;SANTE ET BEAUTE;;;;;;;;;;;;;;;;;;;;;;;;;
;simple;;Bain De Bouche;1;1;visible;;;;;taxable;;1;;0;0;;;;;1;;19,8;13,86;SANTE ET BEAUTE;;;;;;;;;;;;;;;;;;;;;;;;;
;simple;;Savon Au Son De Blé Et Miel;1;1;visible;;"Le savon exfoliant d’Arvea Nature au son de blé et miel est le plus doux des savons exfoliants.

Ce savon est idéal même pour les peaux les plus sensibles. Il possède les vertus nettoyants du son de blé et adoucissants du miel pour un gommage tout en douceur pour le visage et le corps.

A utiliser quotidiennement pour une peau propre, douce et régénérée.";;;taxable;;1;;0;0;;;;;1;;7,9;5,53;SANTE ET BEAUTE;;;;;;;;;;;;;;;;;;;;;;;;;
;simple;;Savon Miracle;1;1;visible;;Savon 100% végétal moulé aux feuilles de verveine, délicatement parfumé, pour la douche avec une ficelle, pratique pour l'accrocher, la décoration et pour diffuser son parfum sublime. A base d'huiles 100% végétales : huile d'argan 100% bio + huile d'olive 100% bio + huile essentielle de camomille + vitamine E + feuilles de verveine Votre peau propre, douce et parfumée. 185g Utilisation : A utiliser quotidiennement pour une peau propre, douce et régénérée.;;;taxable;;1;;0;0;;;;;1;;10,8;7,56;SANTE ET BEAUTE;;;;;;;;;;;;;;;;;;;;;;;;;
;simple;;Gel pour toilette intime ;1;1;visible;;"Ce gel pour toilette intime, possède des vertus anti bactériens, antifongiques. Il régule le PH de la muqueuse vaginale et la protège de toute infection grâce à l’Aloe Vera et l’acide lactique. Ce soin a aussi des propriétés relaxantes, cicatrisantes, apaisantes et adoucissantes pour une hygiène quotidienne parfaite tout en respectant le PH des muqueuses

Ce gel doux s’utilise quotidiennement une fois sur les parties intimes. Une fois que ce produit mousse, bien rincer la peau à l’eau.";;;taxable;;1;;0;0;;;;;1;;14,8;10,36;SANTE ET BEAUTE;;;;;;;;;;;;;;;;;;;;;;;;;
;simple;;Roll on agrume;1;1;visible;;"Sans parabène, Sans allergènes, Sans alcool, Sans sel d’aluminium, ce roll on assure unefraîcheur immédiate pour une efficacité déodorante haute-fidélité sans tacher ni coller à vos vêtements. Ce roll on associe les vertus de l’Aloe Vera qui est cicatrisante, régénérant, hydratante et anti-inflammatoire et la pierre d’alun naturelle qui est un anti transpirant qui ne bouche pas les pores. Efficacité garantie pour 48 H.

";;;taxable;;1;;0;0;;;;;1;;14,9;10,43;SANTE ET BEAUTE;;;;;;;;;;;;;;;;;;;;;;;;;
;simple;;Gel douche agrume;1;1;visible;;"Format Familal 400 ml

Nettoi, Hydrate et parfume Adoucit et sublime la peau avec sa texture onctueuse et veloutée pour laver, hydrater et parfumer la peau.";;;taxable;;1;;0;0;;;;;1;;13,9;9,73;SANTE ET BEAUTE;;;;;;;;;;;;;;;;;;;;;;;;;
;simple;;Crème pour Le Corps Glamour;1;1;visible;;;;;taxable;;1;;0;0;;;;;1;;9,9;6,93;SANTE ET BEAUTE;;;;;;;;;;;;;;;;;;;;;;;;;
;simple;;Crème pour Le Corps L’extrême;1;1;visible;;;;;taxable;;1;;0;0;;;;;1;;9,9;6,93;SANTE ET BEAUTE;;;;;;;;;;;;;;;;;;;;;;;;;
;simple;;Crème pour Le Corps Mistery Girl;1;1;visible;;;;;taxable;;1;;0;0;;;;;1;;9,9;6,93;SANTE ET BEAUTE;;;;;;;;;;;;;;;;;;;;;;;;;
;simple;;Crème pour Le Corps Free Spirit;1;1;visible;;;;;taxable;;1;;0;0;;;;;1;;9,9;6,93;SANTE ET BEAUTE;;;;;;;;;;;;;;;;;;;;;;;;;
;simple;;Crème Pieds Très Secs Et Abîmés;1;1;visible;;Sa texture riche en Aloe Vera, beurre de karité, huile d’argan, huile de pépins de raisin et huile d’amandes douce associe les vertus de ces ingrédients avec celles des extraits de plantes, de l’extrait de fleur d’hibiscus, de l’extrait de fruit d’églantier et de l’extrait de pensée. Ce soin assure une hydratation intense pendant 24 heures, aide à prévenir la formation de rugosités et de callosités. Vos pieds sont soulagés, votre peau est visiblement plus douce et plus souple. Sa texture non collante est rapidement absorbée. Appliquez la crème sur des pieds propres et secs. Massez doucement jusqu’à absorption complète du produit. Insistez au niveau du talon et entre les orteils.;;;taxable;;1;;0;0;;;;;1;;12,9;9,03;SANTE ET BEAUTE;;;;;;;;;;;;;;;;;;;;;;;;;
;simple;;Savon karité;1;1;visible;;"Les vertus du beurre de karité associées à celles de l’huile d’amande douce dans un nouveau savon Arvea : ""Le savon karité"" pour nettoyer en douceur, hydrater et apaiser la peau. Sans allergènes, ni colorants convient aux peaux sensibles.";;;taxable;;1;;0;0;;;;;1;;7,9;5,53;SANTE ET BEAUTE;;;;;;;;;;;;;;;;;;;;;;;;;
;simple;;Gel douche Aloe Vera;1;1;visible;;"Nettoie, Hydrate et parfume

Enrichie à l'huile d'argan et à l'aloe vera, ce gel douche Adoucit et sublime la peau avec un parfum berrey rafraichissant.

";;;taxable;;1;;0;0;;;;;1;;13,9;9,73;SANTE ET BEAUTE;;;;;;;;;;;;;;;;;;;;;;;;;
;simple;;Gel douche fleur oranger;1;1;visible;;"Nettoie, Hydrate et parfume

Enrichie à l'huile d'argan et à l'aloe vera, ce gel douche Adoucit et sublime la peau avec un parfum berrey rafraichissant.

";;;taxable;;1;;0;0;;;;;1;;13,9;9,73;SANTE ET BEAUTE;;;;;;;;;;;;;;;;;;;;;;;;;
;simple;;Gel douche spicy;1;1;visible;;"Nettoie, Hydrate et parfume

Enrichie à l'huile d'argan et à l'aloe vera, ce gel douche Adoucit et sublime la peau avec un parfum berrey rafraichissant.

";;;taxable;;1;;0;0;;;;;1;;13,9;9,73;SANTE ET BEAUTE;;;;;;;;;;;;;;;;;;;;;;;;;
;simple;;Gel douche oriental;1;1;visible;;"Nettoie, Hydrate et parfume

Enrichie à l'huile d'argan et à l'aloe vera, ce gel douche Adoucit et sublime la peau avec un parfum berrey rafraichissant.

";;;taxable;;1;;0;0;;;;;1;;13,9;9,73;SANTE ET BEAUTE;;;;;;;;;;;;;;;;;;;;;;;;;
;simple;;GEL DOUCHE COCO;1;1;visible;;"Nettoie, Hydrate et parfume

Enrichie à l'huile d'argan et à l'aloe vera, ce gel douche Adoucit et sublime la peau avec un parfum berrey rafraichissant.

";;;taxable;;1;;0;0;;;;;1;;13,9;9,73;SANTE ET BEAUTE;;;;;;;;;;;;;;;;;;;;;;;;;
;simple;;GEL DOUCHE PIVOINE;1;1;visible;;"Nettoie, Hydrate et parfume

Enrichie à l'huile d'argan et à l'aloe vera, ce gel douche Adoucit et sublime la peau avec un parfum berrey rafraichissant.

";;;taxable;;1;;0;0;;;;;1;;13,9;9,73;SANTE ET BEAUTE;;;;;;;;;;;;;;;;;;;;;;;;;
;simple;;Crème Pour Le Corps FLY HOMME;1;1;visible;;;;;taxable;;1;;0;0;;;;;1;;9,9;6,93;SANTE ET BEAUTE;;;;;;;;;;;;;;;;;;;;;;;;;
;simple;;Crème Pour Le Corps ECLAT D'OR;1;1;visible;;;;;taxable;;1;;0;0;;;;;1;;9,9;6,93;SANTE ET BEAUTE;;;;;;;;;;;;;;;;;;;;;;;;;
;simple;;Savon Noir;1;1;visible;;Grâce à sa composition à base d'huile d'olive, le savon noir Arvea offre de nombreuses vertus pour le corps. Il permet d’hydrater et de nettoyer la peau en profondeur des impuretés de manière naturelle.;;;taxable;;1;;0;0;;;;;1;;18,8;13,16;SANTE ET BEAUTE;;;;;;;;;;;;;;;;;;;;;;;;;
;simple;;Mini Crème Miracle (50ml);1;1;visible;;"La crème miracle est une crème corporelle, dont la formule contient de l'aloe Vera, huile d'argan et beurre de karité. Elle nourrit en profondeur sans laisser un film gras sur la peau. La créme miracle est vôtre alliée au quotidien, qui garantit une hydratation instantanée et intense pendant 24 heures.

";;;taxable;;1;;0;0;;;;;1;;10,9;7,63;SANTE ET BEAUTE;;;;;;;;;;;;;;;;;;;;;;;;;
;simple;;Shampoing Anti Chute;1;1;visible;;"Shampooing 4 en 1 : Nettoyant + Démêlant +Fortifiant + Anti chute

Le shampooing 4 en 1 Arvea stimule et redynamise le système capillaire et améliore la brillance, la souplesse et la santé de vos cheveux.

C’est un shampooing très doux qui respecte les cuirs chevelus sensibles. Une formule à base d’aloe vera qui apporte brillance, force et facilite le démêlage.

Il agit efficacement contre la chute des cheveux. Il Convient à tous les types de cheveux.";;;taxable;;1;;0;0;;;;;1;;19,8;13,86;SANTE ET BEAUTE;;;;;;;;;;;;;;;;;;;;;;;;;
;simple;;Masque Cheveux;1;1;visible;;"Parce que les cheveux peuvent avoir été agressés au cours de la journée, il faut les protéger avec le masque cheveux d’Arvea Nature.

Un Masque Ultra Riche : Huile d’argan + Aloe vera + Beurre de Karité et Keratine";;;taxable;;1;;0;0;;;;;1;;17,9;12,53;SANTE ET BEAUTE;;;;;;;;;;;;;;;;;;;;;;;;;
;simple;;Shampoing Anti Pelliculaire;1;1;visible;;;;;taxable;;1;;0;0;;;;;1;;19,8;13,86;SANTE ET BEAUTE;;;;;;;;;;;;;;;;;;;;;;;;;
;simple;;Shampoing Cheveux Gras;1;1;visible;;"Le shampoing arvea pour cheveux gras contient une formule à base d’Aloe vera qui respecte l’équilibre biologique du cuir chevelu. Il nettoie les cheveux des impuretés et purifie en douceur le cuir chevelu.

Grâce à l’aloe vera, ce shampoing arvea élimine l’excès de sébum et les toxines qui asphyxient les racines des cheveux.

Ainsi, ce shampoing arvéa prend soin des cheveux gras tout en apportant plus de brillance , force et facilité de démêlage.

Utilisation : Ce shampoing arvéa cheveux gras est appliqué sur le cuir chevelu et non sur les pointes des cheveux. Cette application est suivie d’un massage délicat puis rinçage.

Testé sous contrôle dermatologique";;;taxable;;1;;0;0;;;;;1;;13,9;9,73;SANTE ET BEAUTE;;;;;;;;;;;;;;;;;;;;;;;;;
;simple;;Shampoing Cheveux Secs;1;1;visible;;"Le shampoing arvea pour cheveux secs contient une formule à base d’huile d’argan qui hydrate, nourrit et adoucit les cheveux secs qui sont fragilisés, cassants et difficiles à coiffer.

Il protège les cheveux des effets desséchants liés aux agressions extérieures (soleil, coloration …). Il renforce et embellit la chevelure qui retrouve plus de brillance et de souplesse.

Ce shampoing arvea destiné pour les cheveux secs, apporte une douceur intense aux cheveux et les rende souples, faciles à démêler et à coiffer.

Utilisation :

L’application du shampoing sur les cheveux mouillés est suivie d’un massage délicat avec le bout des doigts puis rincez. Testé sous contrôle dermatologique";;;taxable;;1;;0;0;;;;;1;;13,9;9,73;SANTE ET BEAUTE;;;;;;;;;;;;;;;;;;;;;;;;;
;simple;;Oil replacement;1;1;visible;;OIL REPLACEMENT ARVEA est un soin complet pour nourrir, hydrater et renforcer vos cheveux contre les cassures, les chutes et les extrémités fourchues grâce à sa formule enrichie à l’Aloe Vera, l’Huile d’Argan et le Beurre de Karité.;;;taxable;;1;;0;0;;;;;1;;19,5;13,65;SANTE ET BEAUTE;;;;;;;;;;;;;;;;;;;;;;;;;
;simple;;Shampoing Gel Douche Bébé;1;1;visible;;;;;taxable;;1;;0;0;;;;;1;;14,9;10,43;SANTE ET BEAUTE;;;;;;;;;;;;;;;;;;;;;;;;;
;simple;;Eau De Toilette Bébé;1;1;visible;;;;;taxable;;1;;0;0;;;;;1;;14,9;10,43;SANTE ET BEAUTE;;;;;;;;;;;;;;;;;;;;;;;;;
;simple;;Savon Bébé;1;1;visible;;;;;taxable;;1;;0;0;;;;;1;;8,9;6,23;SANTE ET BEAUTE;;;;;;;;;;;;;;;;;;;;;;;;;
;simple;;Crème De Change Bébé;1;1;visible;;;;;taxable;;1;;0;0;;;;;1;;21,8;15,26;SANTE ET BEAUTE;;;;;;;;;;;;;;;;;;;;;;;;;
;simple;;Huile D’argan;1;1;visible;;"100 % naturelle et 100% Bio.

Utilisation de l’huile d’argan

- L’huile d’argan pour le visage et le corps Qu’elle soit appliquée sur le visage ou le corps, l’argan permet de retrouver une peau douce, hydratée et soyeuse. Elle prévient aussi le vieillissement cutané et par la suite prévenir l’apparition des rides.

- L’huile d’argan pour les cheveux Idéal pour des cheveux secs ou rêches, elle permet de retrouver une chevelure soyeuse et brillante.

- L’huile d’argan pour les ongles Si vous avez des ongles dédoublés, mous ou cassants, appliquer de l’huile d’argan en tant que soin des ongles permettra de les fortifier et de les nourrir.

";;;taxable;;1;;0;0;;;;;1;;46,8;32,76;SANTE ET BEAUTE;;;;;;;;;;;;;;;;;;;;;;;;;
;simple;;Huile D’argan Parfumé;1;1;visible;;"100 % naturelle et 100% Bio.

à cette huile d'argan on a ajouté un parfum pour rendre l'utilisation plus agréable.

Utilisation de l’huile d’argan - L’huile d’argan pour le visage et le corps Qu’elle soit appliquée sur le visage ou le corps, l’argan permet de retrouver une peau douce, hydratée et soyeuse. Elle prévient aussi le vieillissement cutané et par la suite prévenir l’apparition des rides.

- L’huile d’argan pour les cheveux Idéal pour des cheveux secs ou rêches, elle permet de retrouver une chevelure soyeuse et brillante.

- L’huile d’argan pour les ongles Si vous avez des ongles dédoublés, mous ou cassants, appliquer de l’huile d’argan en tant que soin des ongles permettra de les fortifier et de les nourrir.";;;taxable;;1;;0;0;;;;;1;;46,8;32,76;SANTE ET BEAUTE;;;;;;;;;;;;;;;;;;;;;;;;;
;simple;;Gel Aloe Vera;1;1;visible;;"Ce gel est à base exclusivement de gel d'aloe vera NATIF (85% d’aloe vera)

Le Gel Aloe Vera Arvea est Indiqué en cas de:

Cicatrices & Vergetures
Brûlures légères
Piqûres d'insectes
Gerçures & Crevasses
Rougeurs & irritations cutanées
Coup de soleil
douleurs variqueuses (relatif aux varices)
Après l’Epilation
Peau sèche (Corps et visage)
Acné
tâches brunes sur les mains et le visage.
Pour une conservation optimale de votre gel d'Aloe vera, nous vous conseillons de le stocker au réfrigérateur et de le considérer comme un produit frais";;;taxable;;1;;0;0;;;;;1;;29,8;20,86;SANTE ET BEAUTE;;;;;;;;;;;;;;;;;;;;;;;;;
;simple;;Crème Apaisante Anti-Douleur Articulaire;1;1;visible;;"Rhumatisme & Arthrose

Avec cette crème riche en ingrédients naturels : eucalyptus, romarin, genévrier, aloe vera, huile essentielle de lavande, beurre de karité, menthol, clou de girofle et huile d’argan vos douleurs seront bien apaisées.

Efficace pour le soulagement des affections rhumatismales articulaires et musculaires.

Cette crème apaisante atténue l'inflammation, soulage les douleurs et augmente ainsi la mobilité.";;;taxable;;1;;0;0;;;;;1;;18,8;13,16;SANTE ET BEAUTE;;;;;;;;;;;;;;;;;;;;;;;;;
;simple;;Gel Amincissant;1;1;visible;;"Moins de graisse et plus de fermeté en 21 jours

Le Gel Amincissant d’Arvea Nature est un soin pour les hommes et les femmes qui souhaitent cibler et attaquer les graisses pour affiner le petit ventre, les hanches, les bras et les jambes.

Ce gel a été basé sur une formule innovante et puissante avec un mélange de substances naturelles combinées avec de la caféine, extraits d’algues marines et les hétérosides de l’extrait de Centella asiatica pour réduire visiblement les rondeurs et les capitons.";;;taxable;;1;;0;0;;;;;1;;34,8;24,36;SANTE ET BEAUTE;;;;;;;;;;;;;;;;;;;;;;;;;
;simple;;Spray Anti Moustique;1;1;visible;;"Innovation Arvea Nature : Un anti moustique sans actifs chimiques.

2 en 1 : Répulsif et Apaisant Grace aux vertus des huiles essentielles naturelles de citronnelle, eucalyptus citronnée, géranium, basilic et pamplemousse l’efficacité répulsive est au maximum. Les moustiques vont s’éloigner de vous.

Huile essentielle de Citronnelle : insectifuge (fourmis, pucerons, mouches, moucherons, moustiques, mites) et désodorisante Huile essentielle d'Eucalyptus citronnée : insectifuge et désodorisant Huile essentielle de Géranium : insectifuge, relaxante et équilibrante

Et la formule de ce Spray Anti moustiques est enrichie à l’aloe vera ce qui lui donne des propriétés apaisantes.

";;;taxable;;1;;0;0;;;;;1;;10,9;7,63;SANTE ET BEAUTE;;;;;;;;;;;;;;;;;;;;;;;;;
;simple;;Beurre Royal;1;1;visible;;"Le Beurre royal Arvea • 70% Beurre de Karité • Aloe Vera • Huile d’argan • Huile de pépins de raisin • Cire d’abeille Utilisations : • Hydratant, nourrissant, anti âge (visage et corps) • Apaise les irritations cutanées (épilation, feu de rasoir.) • Soin pour calmer l’eczéma • Atténue les vergetures • Beauté du buste • Beauté des ongles • Baume à lèvres • Soin des cheveux secs, abimés, fourchus. Il convient aux peaux sèches, mixtes, déshydratées, sensibles et fragiles.

";;;taxable;;1;;0;0;;;;;1;;10,9;7,63;SANTE ET BEAUTE;;;;;;;;;;;;;;;;;;;;;;;;;
;simple;;Crème Apaisante Anti-Douleur Articulaire 200ml;1;1;visible;;"Rhumatisme & Arthrose

Avec cette crème riche en ingrédients naturels : eucalyptus, romarin, genévrier, aloe vera, huile essentielle de lavande, beurre de karité, menthol, clou de girofle et huile d’argan vos douleurs seront bien apaisées.

Efficace pour le soulagement des affections rhumatismales articulaires et musculaires.

Cette crème apaisante atténue l'inflammation, soulage les douleurs et augmente ainsi la mobilité.";;;taxable;;1;;0;0;;;;;1;;18,8;13,16;SANTE ET BEAUTE;;;;;;;;;;;;;;;;;;;;;;;;;
;simple;;Gel Dentaire;1;1;visible;;;;;taxable;;1;;0;0;;;;;1;;19,8;13,86;SANTE ET BEAUTE;;;;;;;;;;;;;;;;;;;;;;;;;
;simple;;Savon Liquide Antibactérien Silver;1;1;visible;;Antibactérien silver pour nettoyer et désinfecter les mains des impuretés quotidiennes. Sa formule innovante contient du citrate d’argent, un agent antimicrobien efficace pour éliminer les bactéries et enlever les impuretés de façon à obtenir un nettoyage aseptisé.;;;taxable;;1;;0;0;;;;;1;;19,8;13,86;SANTE ET BEAUTE;;;;;;;;;;;;;;;;;;;;;;;;;
;simple;;Lingettes Désinfectantes Antibactériennes 72;1;1;visible;;"Les lingettes désinfectantes Arvea sont idéales pour nettoyer et désinfecter les mains, les objets ou les surfaces sans rinçage et sans avoir recours à d’autres produits. Très pratiques pour la maison, les transports et les voyages, elles procurent une sensation immédiate de propreté et de fraîcheur. La substance liquide qui imbibe la lingette agit directement sur les microbes et libère un parfum agréable.

";;;taxable;;1;;0;0;;;;;1;;19,8;13,86;SANTE ET BEAUTE;;;;;;;;;;;;;;;;;;;;;;;;;
;simple;;Lingettes Désinfectantes Antibactériennes 20;1;1;visible;;Les lingettes désinfectantes Arvea sont idéales pour nettoyer et désinfecter les mains, les objets ou les surfaces sans rinçage et sans avoir recours à d’autres produits. Très pratiques pour la maison, les transports et les voyages, elles procurent une sensation immédiate de propreté et de fraîcheur. La substance liquide qui imbibe la lingette agit directement sur les microbes et libère un parfum agréable.;;;taxable;;1;;0;0;;;;;1;;14,8;10,36;SANTE ET BEAUTE;;;;;;;;;;;;;;;;;;;;;;;;;
;simple;;Fly Intense Pour Femme;1;1;visible;;"Fly pour femme est la première fragrance terriblement attirante d’arvea nature à la fois sucrée et piquante.

Fly est construit sur une structure florale et des notes de fruits exotiques pour créer un parfum doux, frais et sensuel qui incarne parfaitement l’essence d’une luxueuse soirée fabuleuse.

Fly pour femme est testée avec succès dans les cinq continents.

";;;taxable;;1;;0;0;;;;;1;;48;33,6;SANTE ET BEAUTE;;;;;;;;;;;;;;;;;;;;;;;;;
;simple;;Eclat D'or;1;1;visible;;"Un parfum frais floral et boisé pour une séductrice audacieuse, excessive et drôle... De quoi faire chavirer les cœurs et attiser les passions grâce à cette fragrance sensuelle.

Eclat d’or incarne celle à laquelle toutes les femmes rêvent de ressembler, et que tous les hommes rêvent de séduire.";;;taxable;;1;;0;0;;;;;1;;36;25,2;SANTE ET BEAUTE;;;;;;;;;;;;;;;;;;;;;;;;;
;simple;;Glamour;1;1;visible;;"Faites ressortir votre côté espiègle avec Glamour, le nouveau parfum plein de charme d’Arvea.

Jouez le jeu de l'amour avec ce gracieux parfum, mêlant l'intensité de la rose et l'audace du cassis à un accord exubérant de jasmin, de pivoine et de poivre rose pour créer un bouquet magique de notes fleuries.

Ravissante et sexy, vous ne serez jamais là où l'on vous attend avec Glamour.";;;taxable;;1;;0;0;;;;;1;;52;36,4;SANTE ET BEAUTE;;;;;;;;;;;;;;;;;;;;;;;;;
;simple;;Harem;1;1;visible;;"La femme HAREM d’ARVEA démultiplie son pouvoir de fascination et de mystère. Sa quintessence accroît son charme et l'encourage à l'excès. D'une sensualité éclatante, elle exacerbe les sens et éblouit chacun et chacune, irrésistiblement.

L'alliance sensuelle et lumineuse de l'Absolu de Tubéreuse et du Jasmin se mêle aux accents orientaux de la Vanille Gousse et Vibrants du Cashmeran pour une nouvelle déclaration de féminité.";;;taxable;;1;;0;0;;;;;1;;58;40,6;SANTE ET BEAUTE;;;;;;;;;;;;;;;;;;;;;;;;;
;simple;;L’extrême;1;1;visible;;"Cette nouvelle Eau de Parfum l’extrême d’ARVEA se construit autour d’une fraîcheur intense et revitalisante qui évoque une assurance et une féminité extrême.

Des notes de tête irrésistiblement fruitées et d’une fraîcheur audacieuse de mûres de Boysen sont associées avec un soupçon d’herbe rouge de l’Himalaya pour composer un accord de tête pétillant. Lorsque la fragrance se développe, le pouvoir du jasmin libère une tornade de fleurs blanches au cœur du parfum. Combiné au thé noir énergisant on obtient un booste rafraichissant.

La fleur d’osmanthus oriental utilisée dans la note de fond ajoute une touche de sensualité raffinée grâce à ses notes sophistiquées qui mettent en valeur la beauté éclatante des autres ingrédients";;;taxable;;1;;0;0;;;;;1;;39;27,3;SANTE ET BEAUTE;;;;;;;;;;;;;;;;;;;;;;;;;
;simple;;Mystery Girl;1;1;visible;;"ARVEA présente fièrement Mystery Girl, un nouveau parfum féminin qui entoure la femme moderne d’aujourd’hui, qui se révèle dans sa féminité, sensualité, élégance intemporelle et son indépendance impossible et sans peur.

Mystery Girl est à la fois rafraîchissante et intense. Ce parfum innovant saisit la complexité féminine dans les ingrédients exceptionnels.

Le parfum s'ouvre sur des notes de tête d'amande et de café, se prolonge sur des notes de cœur de jasmin sambac, pour s'épanouir sur des notes de fond de fève tonka et de cacao.";;;taxable;;1;;0;0;;;;;1;;54;37,8;SANTE ET BEAUTE;;;;;;;;;;;;;;;;;;;;;;;;;
;simple;;Eclat D'or 100ml;1;1;visible;;"Un parfum frais floral et boisé pour une séductrice audacieuse, excessive et drôle... De quoi faire chavirer les cœurs et attiser les passions grâce à cette fragrance sensuelle.

Eclat d’or incarne celle à laquelle toutes les femmes rêvent de ressembler, et que tous les hommes rêvent de séduire.

";;;taxable;;1;;0;0;;;;;1;;65;45,5;SANTE ET BEAUTE;;;;;;;;;;;;;;;;;;;;;;;;;
;simple;;Body Splash Sweet Carambola;1;1;visible;;"Des fragrances d’exception Issues de la recherche ARVEA avec des signatures olfactives uniques, seront vos nouvelles brumes de parfum de Luxe avec une teneur de parfum qui dépasse celles existantes à l’échelle mondiale au packaging chic, magnifique d’amour, de gloire et de beauté. Trois brumes parfumées sont disponibles et deux autres sont en cours de préparation pour vous gâter avec une fraîcheur et des parfums totalement irrésistibles, durables toute la journée. Vous ne vous arrêterez jamais.

";;;taxable;;1;;0;0;;;;;1;;29,8;20,86;SANTE ET BEAUTE;;;;;;;;;;;;;;;;;;;;;;;;;
;simple;;Body Splash Apple Pineapple;1;1;visible;;Des fragrances d’exception Issues de la recherche ARVEA avec des signatures olfactives uniques, seront vos nouvelles brumes de parfum de Luxe avec une teneur de parfum qui dépasse celles existantes à l’échelle mondiale au packaging chic, magnifique d’amour, de gloire et de beauté. Trois brumes parfumées sont disponibles et deux autres sont en cours de préparation pour vous gâter avec une fraîcheur et des parfums totalement irrésistibles, durables toute la journée. Vous ne vous arrêterez jamais.;;;taxable;;1;;0;0;;;;;1;;29,8;20,86;SANTE ET BEAUTE;;;;;;;;;;;;;;;;;;;;;;;;;
;simple;;Body Splash Queen Flower;1;1;visible;;"Des fragrances d’exception Issues de la recherche ARVEA avec des signatures olfactives uniques, seront vos nouvelles brumes de parfum de Luxe avec une teneur de parfum qui dépasse celles existantes à l’échelle mondiale au packaging chic, magnifique d’amour, de gloire et de beauté. Trois brumes parfumées sont disponibles et deux autres sont en cours de préparation pour vous gâter avec une fraîcheur et des parfums totalement irrésistibles, durables toute la journée. Vous ne vous arrêterez jamais.

";;;taxable;;1;;0;0;;;;;1;;29,8;20,86;SANTE ET BEAUTE;;;;;;;;;;;;;;;;;;;;;;;;;
;simple;;BODY SPLASH FRUIT COMBO;1;1;visible;;Des fragrances d’exception Issues de la recherche ARVEA avec des signatures olfactives uniques, seront vos nouvelles brumes de parfum de Luxe avec une teneur de parfum qui dépasse celles existantes à l’échelle mondiale au packaging chic, magnifique d’amour, de gloire et de beauté. Trois brumes parfumées sont disponibles et deux autres sont en cours de préparation pour vous gâter avec une fraîcheur et des parfums totalement irrésistibles, durables toute la journée. Vous ne vous arrêterez jamais.;;;taxable;;1;;0;0;;;;;1;;29,8;20,86;SANTE ET BEAUTE;;;;;;;;;;;;;;;;;;;;;;;;;
;simple;;BODY SPLASH CRUNCHY CARAMEL;1;1;visible;;Des fragrances d’exception Issues de la recherche ARVEA avec des signatures olfactives uniques, seront vos nouvelles brumes de parfum de Luxe avec une teneur de parfum qui dépasse celles existantes à l’échelle mondiale au packaging chic, magnifique d’amour, de gloire et de beauté. Trois brumes parfumées sont disponibles et deux autres sont en cours de préparation pour vous gâter avec une fraîcheur et des parfums totalement irrésistibles, durables toute la journée. Vous ne vous arrêterez jamais.;;;taxable;;1;;0;0;;;;;1;;29,8;20,86;SANTE ET BEAUTE;;;;;;;;;;;;;;;;;;;;;;;;;
;simple;;Homme Moderne;1;1;visible;;"Ce parfum incarne un homme moderne qui aime plare et séduire. Cette fagrance passionnée et sensuelle est un véritable manifeste de masculinité.

L’homme moderne boisé, épicé et fraiche pour un homme qui laisse ses émotions s’expriment.";;;taxable;;1;;0;0;;;;;1;;36;25,2;SANTE ET BEAUTE;;;;;;;;;;;;;;;;;;;;;;;;;
;simple;;Fly Homme;1;1;visible;;"Fly pour homme d’arvea nature, branché et sportif est au même temps un parfum léger, vif, frais, zesté et citronné.

Fly pour homme est un parfum d’allure positive et fraîche , idéal pour les moments de détente.

Cette fragrance est testée avec succès dans les cinq continents.";;;taxable;;1;;0;0;;;;;1;;56;39,2;SANTE ET BEAUTE;;;;;;;;;;;;;;;;;;;;;;;;;
;simple;;Free Spirit;1;1;visible;;"Free spirit ARVEA est le parfum des hommes libres d'esprit qui vivent leur vie avec optimisme et passion.

Cette fragrance séduit par sa composition associant les notes boisées de bubinga à des arômes de pommes fraiches et la douceur de la vanille.

Spontané, passionné et énergique, L’homme de Free spirit ARVEA trouve en ce parfum une sensation de bien-être et d'authenticité.";;;taxable;;1;;0;0;;;;;1;;45;31,5;SANTE ET BEAUTE;;;;;;;;;;;;;;;;;;;;;;;;;
;simple;;Gentleman By ARVEA;1;1;visible;;"Le nouveau parfum d’ARVEA est un véritable bras de fer entre la puissance et la gourmandise, une alliance forte et délicate. Gentleman fait sensation, une véritable ode à un homme viril et puissant.

Gentleman démarre sur des notes fraîches de menthe avec la lavande qui apporte dès les notes de têtes ce côté viril.

Le cœur très épicé de cannelle avant de finir sur un fond gourmand de vanille et de touches d'ambre.

Un vrai tombeur, bourreau des cœurs, ce Gentleman dominant jette l'ancre pour un soir en ville pour conquérir ses belles.";;;taxable;;1;;0;0;;;;;1;;55;38,5;SANTE ET BEAUTE;;;;;;;;;;;;;;;;;;;;;;;;;
;simple;;Homme Moderne 100ml;1;1;visible;;"Ce parfum incarne un homme moderne qui aime plare et séduire. Cette fagrance passionnée et sensuelle est un véritable manifeste de masculinité.

L’homme moderne boisé, épicé et fraiche pour un homme qui laisse ses émotions s’expriment.";;;taxable;;1;;0;0;;;;;1;;56;39,2;SANTE ET BEAUTE;;;;;;;;;;;;;;;;;;;;;;;;;
;simple;;Déodorant BALSAMIC FRUITY;1;1;visible;;"Un body spray pour éviter les mauvaises odeurs corporelles grâce au citrate d’argent, un agent antimicrobien et des extraits de plantes naturelles (aloe vera, extrait de mousse d'islande, extrait de feuille de cassissier) aux propriétés antibactériennes, apaisantes et adoucissantes pour 48 heures de protection et de fraîcheur.
";;;taxable;;1;;0;0;;;;;1;;18,9;13,23;SANTE ET BEAUTE;;;;;;;;;;;;;;;;;;;;;;;;;
;simple;;Déodorant FLORAL WOOD;1;1;visible;;Un body spray pour éviter les mauvaises odeurs corporelles grâce au citrate d’argent, un agent antimicrobien et des extraits de plantes naturelles (aloe vera, extrait de mousse d'islande, extrait de feuille de cassissier) aux propriétés antibactériennes, apaisantes et adoucissantes pour 48 heures de protection et de fraîcheur.;;;taxable;;1;;0;0;;;;;1;;18,9;13,23;SANTE ET BEAUTE;;;;;;;;;;;;;;;;;;;;;;;;;
;simple;;Déodorant GOURMET FLOWER;1;1;visible;;"Un body spray pour éviter les mauvaises odeurs corporelles grâce au citrate d’argent, un agent antimicrobien et des extraits de plantes naturelles (aloe vera, extrait de mousse d'islande, extrait de feuille de cassissier) aux propriétés antibactériennes, apaisantes et adoucissantes pour 48 heures de protection et de fraîcheur.

";;;taxable;;1;;0;0;;;;;1;;18,9;13,23;SANTE ET BEAUTE;;;;;;;;;;;;;;;;;;;;;;;;;
;simple;;Déodorant FLORAL FRESH;1;1;visible;;Un body spray pour éviter les mauvaises odeurs corporelles grâce au citrate d’argent, un agent antimicrobien et des extraits de plantes naturelles (aloe vera, extrait de mousse d'islande, extrait de feuille de cassissier) aux propriétés antibactériennes, apaisantes et adoucissantes pour 48 heures de protection et de fraîcheur.;;;taxable;;1;;0;0;;;;;1;;18,9;13,23;SANTE ET BEAUTE;;;;;;;;;;;;;;;;;;;;;;;;;
;simple;;Déodorant ALOE AQUA;1;1;visible;;"Un body spray pour éviter les mauvaises odeurs corporelles grâce au citrate d’argent, un agent antimicrobien et des extraits de plantes naturelles (aloe vera, extrait de mousse d'islande, extrait de feuille de cassissier) aux propriétés antibactériennes, apaisantes et adoucissantes pour 48 heures de protection et de fraîcheur.

";;;taxable;;1;;0;0;;;;;1;;18,9;13,23;SANTE ET BEAUTE;;;;;;;;;;;;;;;;;;;;;;;;;
;simple;;Slimy3;1;1;visible;;"BOITE DE 90 GÉLULES COMPOSITION Thé vert, nopal, guarana, queue de cerise

INDICATIONS

Capte les sucres et les graisses des aliments.
brûle la graisse et augmente la thermogenèse.
Eliminer l’excès d’eau dans l’organisme.
PROPRIÉTÉS ET MODE D’ACTION

1) Brûle : Thé vert Ses catéchines augmentent la thermogenèse, améliorent la fonction insulinique et réduisent l’obésité intra-abdominale en augmentant la combustion des lipides et participe à la régulation du poids (colloque INRA catechins and diet : Paris : 23-01-08). Guarana : 5 fois plus de caféine que dans le café et par la suite Augmente la diurèse. C’est un formidable brûleur de graisses naturel car il active la combustion des corps gras pour les transformer en énergie rapidement disponible. La guarana Inhibe la phosphodiestérase d’où augmentation du taux d’AMP cyclique, ce qui entraîne la libération de glucose, d’acides gras libres et de lactate par augmentation de glycolyse et lipolyse.

2) Capte : Nopal Riche en Mucilages qui retiennent l’eau ——- > hydrocolloïdes, pectines & monosaccharides qui, diminuent l’absorption des graisses et des sucres au niveau intestinal.

3) Draine : Queue de cerise (Pédoncule fructifère) Accroissement du volume aqueux urinaire grâce aux sels de potassium, polyphénols (surtout ?avonoïdes), mucilages, acides-alcools. PRÉCAUTIONS D’EMPLOI A ne pas donner aux femmes enceintes et allaitantes";;;taxable;;1;;0;0;;;;;1;;32;22,4;SANTE ET BEAUTE;;;;;;;;;;;;;;;;;;;;;;;;;
;simple;;Max Maca;1;1;visible;;"BOITE DE 90 GÉLULES

COMPOSITION Racine de maca.

Stimule la libido chez l’homme et chez la femme.
Activation de l’érection.
Fatigue et stress.
Les troubles liés à la ménopause (bouffées de chaleur ….).
PROPRIÉTÉS ET MODE D’ACTION La Maca est la plante par excellence de la vitalité sexuelle. Les puissants effets sur le désir et la vigueur sexuelle de la maca sont autant efficaces chez l’homme que la femme. La MACA est très riche en acides aminées (arginine et histidine) qui sont nécessaires pour le métabolisme de l’activité sexuelle.

Une tubercule de maca contient en effet plus de 15% de protéines, mais aussi de nombreux minéraux dont de grandes quantité de calcium, de potassium et de phosphore, des antioxydants , des vitamines du groupe B, C,E,D ainsi que 19 acides aminés ce qui contribue à retrouver une bonne forme et énergie.

Elle agit naturellement sur la production d’hormones sexuelles, soulageant ainsi les symptômes pénibles liés à la ménopause (bou?ées de chaleur, fatigue, céphalées …)

PRÉCAUTIONS D’EMPLOI Aucune contre-indication connue. Pas d’e?ets indésirables ni d’interactions avec des plantes ou des médicaments.";;;taxable;;1;;0;0;;;;;1;;38;26,6;SANTE ET BEAUTE;;;;;;;;;;;;;;;;;;;;;;;;;
;simple;;Coupe Faim;1;1;visible;;"COMPOSITION : Gomme de karaya, gomme de caroube.

INDICATIONS

Retrouver l’impression de satiété dans le cadre d’un régime amincissant.
Absorber les sucres et les graisses.
Retrouver un ventre plat.
PROPRIÉTÉS ET MODE D’ACTION Les gommes possèdent un fort pouvoir hydrophile et ont la propriété de former, en présence d'eau, un gel épais, insoluble et capable d'absorber jusqu'à 100 fois leurs propre poids (en eau). Ce gel n'est pas digéré par l'organisme et n'apporte donc aucune calorie. Il va occuper un volume important à l'intérieur de l'estomac, provoquant une impression de satiété rapide et naturelle. Il améliore le transit intestinal et, par sa viscosité, permet de diminuer l'absorption des sucres et des graisses. Ce qui contribue à avoir un ventre plat.

PRÉCAUTIONS D’EMPLOI Aucune contre-indication connue.";;;taxable;;1;;0;0;;;;;1;;25,8;18,06;SANTE ET BEAUTE;;;;;;;;;;;;;;;;;;;;;;;;;
;simple;;Spiruline;1;1;visible;;"La Spiruline est un super aliment. Elle a une valeur nutritionnelle très élevée : elle contient de 50 à 70% de protéines ce qui est tout à fait exceptionnel.

La Spiruline est aussi riche en acides gras essentiels, en oligo-éléments, en minéraux : fer, magnésium, calcium, phosphore, potassium, sélénium, sodium, chrome, ainsi que l’ensemble des acides aminés essentielles. De plus, elle est riche en vitamines A, B1, B2, B3, B6, B7, B8, B12, D, E, K mais surtout du bêta-carotène (Provitamine A) et de la vitamine B12.

Indications : • Renforce le système immunitaire • Un puissant antioxydant qui protège les cellules • Récupération après un effort physique • Lutte contre l’anémie et les carences alimentaires • Réduit le cholestérol • Détoxifie l’organisme

Dosage : 4 à 6 capsules par jour de préférence matin et midi à prendre avec un grand verre d’eau ou avec jus de fruit.

Effets secondaires et contre-indications : La spiruline a une action détoxifiante. Il est donc recommandé de commencer par de petites doses et d'augmenter progressivement afin d'éviter des désagréments intestinaux éventuels

Ne pas dépasser la dose journalière recommandée.";;;taxable;;1;;0;0;;;;;1;;36,8;25,76;SANTE ET BEAUTE;;;;;;;;;;;;;;;;;;;;;;;;;
;simple;;Lip Gloss Mat L1;1;1;visible;;Un fini mat et une couleur intense qui reste intacte tout au long de la journée. Découvrez la nouvelle gamme de lip gloss mat de ARVEA avec des couleurs irrésistibles.;;;taxable;;1;;0;0;;;;;1;;22,8;15,96;SANTE ET BEAUTE;;;;;;;;;;;;;;;;;;;;;;;;;
;simple;;Lip Gloss Mat L2;1;1;visible;;Un fini mat et une couleur intense qui reste intacte tout au long de la journée. Découvrez la nouvelle gamme de lip gloss mat de ARVEA avec des couleurs irrésistibles.;;;taxable;;1;;0;0;;;;;1;;22,8;15,96;SANTE ET BEAUTE;;;;;;;;;;;;;;;;;;;;;;;;;
;simple;;Lip Gloss Mat L3;1;1;visible;;Un fini mat et une couleur intense qui reste intacte tout au long de la journée. Découvrez la nouvelle gamme de lip gloss mat de ARVEA avec des couleurs irrésistibles.;;;taxable;;1;;0;0;;;;;1;;22,8;15,96;SANTE ET BEAUTE;;;;;;;;;;;;;;;;;;;;;;;;;
;simple;;Lip Gloss Mat L4;1;1;visible;;Un fini mat et une couleur intense qui reste intacte tout au long de la journée. Découvrez la nouvelle gamme de lip gloss mat de ARVEA avec des couleurs irrésistibles.;;;taxable;;1;;0;0;;;;;1;;22,8;15,96;SANTE ET BEAUTE;;;;;;;;;;;;;;;;;;;;;;;;;
;simple;;Lip Gloss Mat L5;1;1;visible;;Un fini mat et une couleur intense qui reste intacte tout au long de la journée. Découvrez la nouvelle gamme de lip gloss mat de ARVEA avec des couleurs irrésistibles.;;;taxable;;1;;0;0;;;;;1;;22,8;15,96;SANTE ET BEAUTE;;;;;;;;;;;;;;;;;;;;;;;;;
;simple;;Lip Gloss Brillant L6;1;1;visible;;Lip gloss Brillant 4 en 1 Brillance – Volume – Fraîcheur - Hydratation Pour bien garnir votre trousse de maquillage, ARVEA a conçu un lip gloss brillant 4 en 1 pour satisfaire vos désirs.;;;taxable;;1;;0;0;;;;;1;;22,8;15,96;SANTE ET BEAUTE;;;;;;;;;;;;;;;;;;;;;;;;;
;simple;;Lip Gloss Brillant L7;1;1;visible;;Lip gloss Brillant 4 en 1 Brillance – Volume – Fraîcheur - Hydratation Pour bien garnir votre trousse de maquillage, ARVEA a conçu un lip gloss brillant 4 en 1 pour satisfaire vos désirs.;;;taxable;;1;;0;0;;;;;1;;22,8;15,96;SANTE ET BEAUTE;;;;;;;;;;;;;;;;;;;;;;;;;
;simple;;So MAT LIPSTICK R1;1;1;visible;;"Le rouge à lèvres So MAT couvre vos lèvres par un film mince, lisse et confortable avec précision et facilité d’application.

";;;taxable;;1;;0;0;;;;;1;;24,9;17,43;SANTE ET BEAUTE;;;;;;;;;;;;;;;;;;;;;;;;;
;simple;;So MAT LIPSTICK R2;1;1;visible;;"Le rouge à lèvres So MAT couvre vos lèvres par un film mince, lisse et confortable avec précision et facilité d’application.

";;;taxable;;1;;0;0;;;;;1;;24,9;17,43;SANTE ET BEAUTE;;;;;;;;;;;;;;;;;;;;;;;;;
;simple;;So MAT LIPSTICK R3;1;1;visible;;"Le rouge à lèvres So MAT couvre vos lèvres par un film mince, lisse et confortable avec précision et facilité d’application.

";;;taxable;;1;;0;0;;;;;1;;24,9;17,43;SANTE ET BEAUTE;;;;;;;;;;;;;;;;;;;;;;;;;
;simple;;So MAT LIPSTICK R4;1;1;visible;;"Le rouge à lèvres So MAT couvre vos lèvres par un film mince, lisse et confortable avec précision et facilité d’application.

";;;taxable;;1;;0;0;;;;;1;;24,9;17,43;SANTE ET BEAUTE;;;;;;;;;;;;;;;;;;;;;;;;;
;simple;;So MAT LIPSTICK R5;1;1;visible;;"Le rouge à lèvres So MAT couvre vos lèvres par un film mince, lisse et confortable avec précision et facilité d’application.

";;;taxable;;1;;0;0;;;;;1;;24,9;17,43;SANTE ET BEAUTE;;;;;;;;;;;;;;;;;;;;;;;;;
;simple;;So MAT LIPSTICK R6;1;1;visible;;"Le rouge à lèvres So MAT couvre vos lèvres par un film mince, lisse et confortable avec précision et facilité d’application.

";;;taxable;;1;;0;0;;;;;1;;24,9;17,43;SANTE ET BEAUTE;;;;;;;;;;;;;;;;;;;;;;;;;
;simple;;So MAT LIPSTICK R7;1;1;visible;;"Le rouge à lèvres So MAT couvre vos lèvres par un film mince, lisse et confortable avec précision et facilité d’application.

";;;taxable;;1;;0;0;;;;;1;;24,9;17,43;SANTE ET BEAUTE;;;;;;;;;;;;;;;;;;;;;;;;;
;simple;;So METALLIC LIPSTICK R8;1;1;visible;;Sa texture veloutée, crémeuse et ultraconfortable enveloppe vos lèvres et dépose une couleur intense dès le premier passage.;;;taxable;;1;;0;0;;;;;1;;24,9;17,43;SANTE ET BEAUTE;;;;;;;;;;;;;;;;;;;;;;;;;
;simple;;So METALLIC LIPSTICK R9;1;1;visible;;Sa texture veloutée, crémeuse et ultraconfortable enveloppe vos lèvres et dépose une couleur intense dès le premier passage.;;;taxable;;1;;0;0;;;;;1;;24,9;17,43;SANTE ET BEAUTE;;;;;;;;;;;;;;;;;;;;;;;;;
;simple;;Eye Liner ARVEA;1;1;visible;;L’eyeliner ARVEA Tenue 12h est un feutre liner dont la pointe ultra fine et souple permet un tracé haute précision. Il est résistant à l'eau, aux bavures, facile à enlever. Avec sa pointe ultra fine et souple, le tracé est précis, plus ou moins épais, selon vos envies. Sa teinte ultra pigmentée noir absolu garantit un regard intense sans filer pendant 12h. L’eyeliner ARVEA est à base d’eau, sans parabène testé et approuvé dermatologiquement et ophtalmologiquement. L’eyeliner ARVEA pour un regard parfaitement dessiné‚ intensifié et soyeux, est pour vous.;;;taxable;;1;;0;0;;;;;1;;24;16,8;SANTE ET BEAUTE;;;;;;;;;;;;;;;;;;;;;;;;;
;simple;;Crayon-Khol Arvea;1;1;visible;;"Crayon-Khol Arvea est un crayon pour les yeux à la mine ferme et ultra-glissante pour un tracé parfait et précis.

Sa formule soin enrichie en huile de jojoba, vitamine E et vitamine C associe douceur au tracé, confort et respect des paupières. Sa texture matte nacrée.

Un crayon waterproof de longue tenue (10 heures) intense souligne et magnifie le regard.

Testé sous contrôle ophtalmologique et dermatologique convient même aux yeux sensibles.

";;;taxable;;1;;0;0;;;;;1;;15,9;11,13;SANTE ET BEAUTE;;;;;;;;;;;;;;;;;;;;;;;;;
;simple;;Crayon N°1;1;1;visible;;Un crayon bleu pour les yeux à la mine ferme et ultra-glissante pour un tracé parfait et précis. Sa formule soin enrichie en huile de jojoba, vitamine E et vitamine C associe douceur au tracé, confort et respect des paupières. Sa texture matte nacrée. Testé sous contrôle ophtalmologique et dermatologique convient même aux yeux sensibles.;;;taxable;;1;;0;0;;;;;1;;18,9;13,23;SANTE ET BEAUTE;;;;;;;;;;;;;;;;;;;;;;;;;
;simple;;Crayon N°2;1;1;visible;;"Un crayon vert pour les yeux à la mine ferme et ultra-glissante pour un tracé parfait et précis. Sa formule soin enrichie en huile de jojoba, vitamine E et vitamine C associe douceur au tracé, confort et respect des paupières. Sa texture matte nacrée. Testé sous contrôle ophtalmologique et dermatologique convient même aux yeux sensibles.

";;;taxable;;1;;0;0;;;;;1;;18,9;13,23;SANTE ET BEAUTE;;;;;;;;;;;;;;;;;;;;;;;;;
;simple;;EYEBROW 1;1;1;visible;;Le fini d'une poudre dans un crayon professionnel et innovant qui redensifie la ligne des sourcils pour un regard naturellement rehaussé. Cette mine de pointe offre 3 atouts : un glissant tout en douceur qui n'accroche pas, une haute teneur en pigment et donc une couleur intense, un tracé facile, précis et uniforme, pour une tenue irréprochable au fini mat et poudré. Coloring eyebrow Arvea est doté d'une brosse pour discipliner le sourcil avant le maquillage puis pour estomper la matière. Application : Mettez en forme la ligne des sourcils à l'aide de la brosse. Appliquez le crayon par touches légères pour combler et redessiner le sourcil.;;;taxable;;1;;0;0;;;;;1;;29,8;20,86;SANTE ET BEAUTE;;;;;;;;;;;;;;;;;;;;;;;;;
;simple;;EYEBROW 2;1;1;visible;;Le fini d'une poudre dans un crayon professionnel et innovant qui redensifie la ligne des sourcils pour un regard naturellement rehaussé. Cette mine de pointe offre 3 atouts : un glissant tout en douceur qui n'accroche pas, une haute teneur en pigment et donc une couleur intense, un tracé facile, précis et uniforme, pour une tenue irréprochable au fini mat et poudré. Coloring eyebrow Arvea est doté d'une brosse pour discipliner le sourcil avant le maquillage puis pour estomper la matière. Application : Mettez en forme la ligne des sourcils à l'aide de la brosse. Appliquez le crayon par touches légères pour combler et redessiner le sourcil.;;;taxable;;1;;0;0;;;;;1;;29,8;20,86;SANTE ET BEAUTE;;;;;;;;;;;;;;;;;;;;;;;;;
;simple;;Crayon N°3;1;1;visible;;"Un crayon pour les yeux à la mine ferme et ultra-glissante pour un tracé parfait et précis. Sa formule soin enrichie en huile de jojoba, vitamine E et vitamine C associe douceur au tracé, confort et respect des paupières. Sa texture matte nacrée. Testé sous contrôle ophtalmologique et dermatologique convient même aux yeux sensibles.

";;;taxable;;1;;0;0;;;;;1;;18,9;13,23;SANTE ET BEAUTE;;;;;;;;;;;;;;;;;;;;;;;;;
;simple;;Mascara Vegan;1;1;visible;;"C’est un mascara pour un volume maximal de longue tenue, doté d’un noir intense pour donner de la profondeur à votre regard.

";;;taxable;;1;;0;0;;;;;1;;32,9;23,03;SANTE ET BEAUTE;;;;;;;;;;;;;;;;;;;;;;;;;
;simple;;Sensitive Mascara;1;1;visible;;Ce mascara maquille et gaine les cils pour les rendre plus longs et plus épais sans provoquer leur chute. Une texture qui se dépose facilement, sèche rapidement, ne tache pas et elle est facile à enlever avec un démaquillant ou une eau micellaire. Testé dermato-logiquement.;;;taxable;;1;;0;0;;;;;1;;37,9;26,53;SANTE ET BEAUTE;;;;;;;;;;;;;;;;;;;;;;;;;
;simple;;Eau Micellaire À L'Aloe Vera;1;1;visible;;"EAU MICELLAIRE ARVEA A L’ALOE VERA

Toutes peaux, même sensibles - Visage et Yeux

Cette eau micellaire, visage, yeux et lèvres, nettoie, démaquille et adoucit en un seul geste. Elle laisse la peau propre, douce et confortable grâce à sa formule riche en Aloe Vera, Extrait de feuilles de Ginkgo Biloba, Extrait de concombre, Eau florale de fleur d'oranger et Provitamine B5.

La peau est nette, parfaitement démaquillée. Elle est visiblement plus saine et retrouve immédiatement sa fraîcheur.

Utilisation : Appliquer l’eau micellaire ARVEA à l'aide d'un coton sur le visage et les yeux matin et soir. S'utilise sans rinçage.";;;taxable;;1;;0;0;;;;;1;;44,8;31,36;SANTE ET BEAUTE;;;;;;;;;;;;;;;;;;;;;;;;;
;simple;;Magic Pen 01;1;1;visible;;Un fard à joues et un rouge à lèvres le plus crémeux et velouté. Il colore en douceur, procure une couvrance naturelle et s'étale à merveille sur les joues et les lèvres. Disponible en trois teintes tendances, des plus délicates aux plus intenses pour vous offrir le look que vous désirez.;;;taxable;;1;;0;0;;;;;1;;24,9;17,43;SANTE ET BEAUTE;;;;;;;;;;;;;;;;;;;;;;;;;
;simple;;Magic Pen 02;1;1;visible;;Un fard à joues et un rouge à lèvres le plus crémeux et velouté. Il colore en douceur, procure une couvrance naturelle et s'étale à merveille sur les joues et les lèvres. Disponible en trois teintes tendances, des plus délicates aux plus intenses pour vous offrir le look que vous désirez.;;;taxable;;1;;0;0;;;;;1;;24,9;17,43;SANTE ET BEAUTE;;;;;;;;;;;;;;;;;;;;;;;;;
;simple;;Magic Pen 03;1;1;visible;;Un fard à joues et un rouge à lèvres le plus crémeux et velouté. Il colore en douceur, procure une couvrance naturelle et s'étale à merveille sur les joues et les lèvres. Disponible en trois teintes tendances, des plus délicates aux plus intenses pour vous offrir le look que vous désirez.;;;taxable;;1;;0;0;;;;;1;;24,9;17,43;SANTE ET BEAUTE;;;;;;;;;;;;;;;;;;;;;;;;;
;;;;;;;;;;;;;;;;;;;;;;;;;;;;;;;;;;;;;;;;;;;;;;;;;;
;;;;;;;;;;;;;;;;;;;;;;;;;;;;;;;;;;;;;;;;;;;;;;;;;;
;;;;;;;;;;;;;;;;;;;;;;;;;;;;;;;;;;;;;;;;;;;;;;;;;;
;;;;;;;;;;;;;;;;;;;;;;;;;;;;;;;;;;;;;;;;;;;;;;;;;;
;;;;;;;;;;;;;;;;;;;;;;;;;;;;;;;;;;;;;;;;;;;;;;;;;;
;;;;;;;;;;;;;;;;;;;;;;;;;;;;;;;;;;;;;;;;;;;;;;;;;;
;;;;;;;;;;;;;;;;;;;;;;;;;;;;;;;;;;;;;;;;;;;;;;;;;;
;;;;;;;;;;;;;;;;;;;;;;;;;;;;;;;;;;;;;;;;;;;;;;;;;;
;;;;;;;;;;;;;;;;;;;;;;;;;;;;;;;;;;;;;;;;;;;;;;;;;;
;;;;;;;;;;;;;;;;;;;;;;;;;;;;;;;;;;;;;;;;;;;;;;;;;;
;;;;;;;;;;;;;;;;;;;;;;;;;;;;;;;;;;;;;;;;;;;;;;;;;;
;;;;;;;;;;;;;;;;;;;;;;;;;;;;;;;;;;;;;;;;;;;;;;;;;;
;;;;;;;;;;;;;;;;;;;;;;;;;;;;;;;;;;;;;;;;;;;;;;;;;;
;;;;;;;;;;;;;;;;;;;;;;;;;;;;;;;;;;;;;;;;;;;;;;;;;;
;;;;;;;;;;;;;;;;;;;;;;;;;;;;;;;;;;;;;;;;;;;;;;;;;;
;;;;;;;;;;;;;;;;;;;;;;;;;;;;;;;;;;;;;;;;;;;;;;;;;;
;;;;;;;;;;;;;;;;;;;;;;;;;;;;;;;;;;;;;;;;;;;;;;;;;;
;;;;;;;;;;;;;;;;;;;;;;;;;;;;;;;;;;;;;;;;;;;;;;;;;;
;;;;;;;;;;;;;;;;;;;;;;;;;;;;;;;;;;;;;;;;;;;;;;;;;;
;;;;;;;;;;;;;;;;;;;;;;;;;;;;;;;;;;;;;;;;;;;;;;;;;;
;;;;;;;;;;;;;;;;;;;;;;;;;;;;;;;;;;;;;;;;;;;;;;;;;;
;;;;;;;;;;;;;;;;;;;;;;;;;;;;;;;;;;;;;;;;;;;;;;;;;;
;;;;;;;;;;;;;;;;;;;;;;;;;;;;;;;;;;;;;;;;;;;;;;;;;;
;;;;;;;;;;;;;;;;;;;;;;;;;;;;;;;;;;;;;;;;;;;;;;;;;;
;;;;;;;;;;;;;;;;;;;;;;;;;;;;;;;;;;;;;;;;;;;;;;;;;;
